,Title,PublishedAt,Views,Likes,Comments,Month
0,Exciting Announcement!,2023-06-23T17:28:36Z,6051,278,45,Jun
1,AI: A Customer Service Revolution?,2023-05-26T12:00:21Z,3298,111,35,May
2,Beginner Kaggle Data Science Project Walk-Through (Housing Prices) | With ChatGPT,2023-05-16T12:00:25Z,15847,625,54,May
3,How I Would Learn Data Science with AI (If I Could Start Over),2023-05-04T12:04:56Z,24229,1064,69,May
4,This AI question will determine our future,2023-04-06T13:00:32Z,4077,256,37,Apr
5,I'll Never Code the Same Again... (GPT-4 is OP),2023-04-03T13:00:27Z,69672,790,77,Apr
6,Your current portfolio is actually hurting you #shorts,2023-03-30T13:00:37Z,4807,272,4,Mar
7,"Traditional ""networking"" is stupid. Do THIS instead #shorts",2023-03-27T13:00:41Z,5086,277,3,Mar
8,you're job searching wrong. #shorts,2023-03-23T13:00:35Z,3441,211,3,Mar
9,The Economics of Data Roles #shorts,2023-03-21T13:00:15Z,5675,363,5,Mar
10,Why your phone knows everything you say #shorts,2023-03-18T13:00:42Z,2506,115,7,Mar
11,Read these for a successful career. #shorts,2023-03-16T01:19:35Z,2637,214,2,Mar
12,Is Your Phone Actually Listening to You? #shorts,2023-03-09T13:00:01Z,2281,44,5,Mar
13,How I Realized I Was a Bad Manager #shorts,2023-03-07T13:00:11Z,2431,115,1,Mar
14,How I Use ChatGPT as a Data Scientist (4-5 hrs Saved Per Week),2023-03-03T13:00:07Z,18790,716,52,Mar
15,Why I Quit Data Science... and then crawled back #shorts,2023-03-01T13:00:17Z,6345,216,8,Mar
16,The Best Place to Look for Data Science Opportunities #shorts,2023-02-27T13:00:32Z,2305,153,2,Feb
17,Learning On the companies dime #shorts,2023-02-24T17:00:13Z,2879,167,1,Feb
18,The Best Way to Transition to Data Science? #shorts,2023-02-21T17:13:47Z,3555,236,6,Feb
19,Avoid this Massive Data Science Learning Mistake #shorts,2023-02-17T13:00:03Z,5755,333,6,Feb
20,Don't Go into Data for the Money #shorts,2023-02-15T10:00:37Z,3555,215,12,Feb
21,First Data Science Project? Watch This.,2023-02-13T13:00:36Z,5316,312,22,Feb
22,How to Approach Applying for a Data Role #shorts,2023-02-08T13:00:39Z,3571,241,7,Feb
23,The Hard Reality of Data Science Work #shorts,2023-02-06T19:35:25Z,9912,633,10,Feb
24,How Much Money Does a Data Scientist Make? #shorts,2023-02-03T12:00:03Z,4167,172,6,Feb
25,These 3 Things Make Data Science Special #shorts,2023-02-01T12:00:12Z,3965,310,6,Feb
26,Will Data Science Be Automated? #shorts,2023-01-27T11:00:44Z,7294,340,7,Jan
27,Is Data Science A Good Fit For You? #shorts,2023-01-25T11:00:05Z,4761,277,9,Jan
28,5 Books I Wish I Read Earlier In My Career,2023-01-23T15:31:48Z,8704,495,50,Jan
29,How To Start Working on Data Science Projects (As a Beginner) #shorts,2023-01-19T07:00:06Z,4234,442,10,Jan
30,What Data Science Tool Would I Learn First? #shorts,2023-01-17T07:00:12Z,6127,463,10,Jan
31,How long does it take to become a Data Scientist? #shorts,2023-01-12T11:45:02Z,5216,426,6,Jan
32,Where & how to start your Data Science Journey #shorts,2023-01-09T00:35:13Z,6429,402,2,Jan
33,How I Would NOT Learn Data Science in 2023.,2023-01-03T13:00:34Z,116249,3884,239,Jan
34,The Greatest Data Science Event You Never Heard Of  [Behind The Scenes],2022-12-14T13:00:23Z,4727,197,28,Dec
35,The Essential Programming Concepts For Learning Data Science,2022-11-14T13:00:02Z,19685,827,46,Nov
36,The Data Content House: What You Missed,2022-10-07T13:00:04Z,10323,346,50,Oct
37,Is Data Science A Good Career?,2022-09-29T20:40:31Z,57685,1838,132,Sep
38,IRON ANALYST (Teaser) #shorts,2022-09-27T17:21:13Z,5576,362,24,Sep
39,When a New Data Scientist Joins The Team,2022-08-29T13:00:01Z,16199,742,133,Aug
40,State of Data Science - Web Data,2022-08-05T20:20:04Z,10396,360,34,Aug
41,Data Science Town Hall - State of Data Science,2022-08-04T18:34:49Z,9933,378,38,Aug
42,The Programming Roadmap For Data Science,2022-07-29T14:31:33Z,26273,1267,64,Jul
43,5 Impactful Data Science Projects For Your Portfolio,2022-06-27T13:00:10Z,66561,2634,91,Jun
44,Can AI Fix my Baseball Swing?,2022-06-10T13:00:00Z,7449,338,68,Jun
45,Every Data Scientist... (funny!),2022-05-24T13:00:07Z,16225,845,146,May
46,State of Data Science (Town Hall) ft - Data Squad,2022-05-07T22:43:20Z,15954,431,65,May
47,Data Science Portfolio Project From Scratch | Building a YouTube Data Dashboard with Streamlit,2022-04-04T13:00:16Z,53123,1414,87,Apr
48,Why You Are NOT Landing Data Jobs ... Yet,2022-03-25T13:00:38Z,20434,860,110,Mar
49,Data Scientists VS NFT Scam,2022-03-03T13:00:36Z,4597,189,51,Mar
50,When a PM Joins the Data Team... (funny!) - Ft @LukeBarousse,2022-02-21T13:00:03Z,11023,510,144,Feb
51,What Professional Data Scientists ACTUALLY Do,2022-02-14T13:00:31Z,93094,3246,185,Feb
52,Can You Analyze My Data Better Than I Can?,2022-01-31T13:00:11Z,7147,321,62,Jan
53,Giving Back to My Most Engaged Subscribers!,2022-01-28T13:00:01Z,2316,119,89,Jan
54,How to Make $1 Billion Betting on Horse Racing with Machine Learning,2022-01-24T13:00:09Z,25922,810,128,Jan
55,Should You Be Excited About Web 3? (As a Data Scientist),2022-01-17T13:00:00Z,8769,422,85,Jan
56,Should  @LukeBarousse Take This Data Analyst Job? (Funny) #Shorts,2022-01-14T10:00:02Z,8440,251,33,Jan
57,The Only Data Science Explanation You Need,2022-01-10T13:00:33Z,49544,2109,172,Jan
58,We Need to Talk About The LinkedIn Machine Learning Assessment.,2022-01-03T13:00:35Z,14371,644,144,Jan
59,How I Would Learn Data Science in 2022 (If I Had to Start Over),2021-12-27T13:00:34Z,336956,14889,536,Dec
60,What the Heck is WSL 2? (My New Favorite Tool),2021-12-17T14:00:01Z,11003,402,66,Dec
61,How Statistics Saved the US SERIOUS $$$$ During WW2 #Shorts,2021-12-10T13:00:22Z,7976,567,25,Dec
62,How Zillow Lost $500 MILLION With Machine Learning,2021-12-03T13:00:14Z,24325,1174,146,Dec
63,Why Is Data Engineering So HOT Right Now?,2021-11-26T13:00:22Z,29234,1095,141,Nov
64,Is Data Science Dying?,2021-11-19T13:00:01Z,120539,3807,360,Nov
65,7 Incredible Books That Transformed My Health and My Life,2021-11-12T13:00:04Z,8016,387,112,Nov
66,Why EVERYONE Should Start a Podcast (Including YOU),2021-11-05T13:00:23Z,3619,203,48,Nov
67,Building a Burrito Dashboard - Data Science Project from Scratch with atoti,2021-10-29T12:00:01Z,12526,286,39,Oct
68,ML Ops: What is it REALLY?,2021-10-22T13:00:00Z,6542,277,65,Oct
69,Business Skills for Data Science: What are they REALLY?,2021-10-18T13:00:27Z,6699,298,50,Oct
70,#66DaysOfData Round 3 Live Event! (feat. @statquest),2021-10-12T16:05:54Z,2204,123,5,Oct
71,Roasting My First Data Science Project (Common Project Mistakes),2021-10-08T13:00:15Z,5863,279,64,Oct
72,Is Data Visualization Important for Data Science? (A Data Scientist's Perspective),2021-08-20T13:00:20Z,12708,532,112,Aug
73,Project Presentation - Expectations vs. Reality (funny) #shorts,2021-08-07T14:00:11Z,10098,428,32,Aug
74,Data Science Project - Expectations vs Reality (funny) #shorts,2021-08-06T23:04:24Z,40508,1579,31,Aug
75,How I Learned to Learn.,2021-07-31T13:00:26Z,50584,2352,209,Jul
76,Is Spotify Shuffle Really Random? #Shorts,2021-07-21T13:00:21Z,10292,576,50,Jul
77,I Eat a Papaya Live on Stream (Plus Q&A for 150K Subs!),2021-07-16T21:30:26Z,2375,93,30,Jul
78,Why are APIs Important for Data Science?,2021-07-09T13:00:32Z,9650,448,95,Jul
79,Is Your Phone REALLY Listening to You?,2021-07-03T13:00:31Z,5152,280,116,Jul
80,Kaggle vs Github - Which is Best for Your Data Science Portfolio?,2021-06-25T13:00:12Z,14539,588,121,Jun
81,#66DaysOfData - 3 Reasons to Start!,2021-06-18T13:00:32Z,4078,226,41,Jun
82,#66DaysOfData - What is it? #shorts,2021-06-11T12:48:29Z,8973,387,54,Jun
83,A Quick Data Science Project Tip! #SHORTS,2021-06-03T13:00:06Z,16531,1010,89,Jun
84,Discouraged with Data Science? - Watch THIS video.,2021-05-28T13:00:02Z,7420,391,195,May
85,How Data Science Projects Pay Off,2021-05-22T13:30:03Z,10520,594,146,May
86,How I Use Data to Optimize My Life | What I Collect & How I Analyze It,2021-05-14T13:00:03Z,10495,486,134,May
87,What is a lambda function (python)? #shorts,2021-05-13T00:38:55Z,14939,927,49,May
88,Why Kaggle Should Be Your Favorite Data Science Resource #shorts,2021-05-07T13:00:30Z,27554,1481,61,May
89,What is Pandas? (Data & Data Science) #shorts,2021-04-30T13:00:07Z,23148,1180,87,Apr
90,The 7 Biggest Data Science  Beginner Mistakes,2021-04-23T13:00:14Z,76340,3410,281,Apr
91,Data Scientist Reacts: REAL Data Science Job Application Data,2021-04-16T13:00:00Z,23372,689,85,Apr
92,Why You Probably Won't Become a Data Scientist,2021-04-09T13:00:31Z,136783,4016,480,Apr
93,How to Go From Data Analyst to Data Scientist,2021-04-02T13:00:14Z,52876,1518,173,Apr
94,Why I Have 2 Offices for Data Science & Content Creation,2021-03-26T13:00:03Z,3963,138,92,Mar
95,MARCH MADNESS - Will My Machine Learning Model Beat Your Bracket?,2021-03-19T13:00:32Z,18126,350,108,Mar
96,My Regrets as a Data Science Student,2021-03-12T13:00:27Z,23806,877,112,Mar
97,My Daily Battle With Time - Will I Win? [Vlog],2021-03-08T13:00:06Z,3822,196,83,Mar
98,What is the Future of my Comment Leaderboard Project?,2021-02-26T14:00:15Z,5558,201,81,Feb
99,How to Build a Website  - Building my ULTIMATE Portfolio Website,2021-02-19T13:00:14Z,6617,173,51,Feb
100,Why I Quit Data Science,2021-02-12T13:00:19Z,104401,2342,348,Feb
101,ðŸŒ¶ Hot Topics in Tech: Data Science Explained #SHORTS,2021-01-29T13:00:06Z,10629,551,116,Jan
102,How I Balance Data Science and Content Creation (7 Secrets),2021-01-23T14:00:30Z,6988,295,126,Jan
103,Kaggle Project From Scratch - Part 3 (Advanced Graphs & Gender Imbalance Analysis),2021-01-16T14:00:10Z,9490,298,52,Jan
104,Kaggle Project From Scratch - Part 2 (Exploratory Data Analysis),2021-01-08T13:00:16Z,22088,692,134,Jan
105,Kaggle Project From Scratch - Part 1 (Data Science Profession Survey),2021-01-02T14:00:26Z,36821,1133,147,Jan
106,What is the #66DaysOfData?,2020-12-26T14:00:31Z,69317,2314,202,Dec
107,How I Would Learn Data Science in 2021 (What Has Changed?),2020-12-19T14:00:01Z,131243,5975,488,Dec
108,Unboxing the Ultimate Z by HP Data Science Package (FIRST EVER HP Workstation w/ Data Science Stack),2020-12-10T13:00:09Z,10798,395,133,Dec
109,I Built the FIRST EVER YouTube Subscriber LEADERBOARD,2020-12-07T14:00:11Z,23377,726,326,Dec
110,7 Things to Look For in a Masters For Data Science (feat. @TinaHuang1),2020-11-20T13:00:26Z,27240,845,160,Nov
111,6 Lessons from #66DaysOfData,2020-11-13T13:00:02Z,6705,340,93,Nov
112,100K Channel Update + AMA Stream!,2020-11-12T17:34:26Z,2319,127,22,Nov
113,Find a Data Science Project With These 3 Techniques,2020-11-06T13:00:13Z,16621,722,106,Nov
114,How I Chose My Masters Degree for Breaking into Data Science,2020-10-30T14:00:07Z,26301,663,155,Oct
115,git for Data Science Made Simple... (Hopefully),2020-10-23T15:00:10Z,18839,853,92,Oct
116,The PODCAST you might have asked for?,2020-10-19T15:00:11Z,2108,94,44,Oct
117,Dealing with Doubt in Data Science (My Impostor Syndrome Story),2020-10-16T15:00:18Z,6709,448,113,Oct
118,Advice from a Data Analytics CEO (@How to Get an Analytics Job) - KNN EP. 17,2020-10-14T15:00:11Z,13829,405,48,Oct
119,Data Science Resume Round-Up With @Tina Huang  | Episode 3,2020-10-12T15:00:00Z,6654,142,62,Oct
120,5 Unusual Data Science Projects that Will Land You a Job,2020-10-09T15:00:09Z,10992,554,83,Oct
121,Sh*t Data Scientists Say (Parody),2020-10-05T15:00:08Z,9409,575,143,Oct
122,5 Proven Strategies to Break into a Data Science Job,2020-10-02T15:00:08Z,8607,366,93,Oct
123,Why Data-Viz is so Darn Important (@Story by Data | Kate Strachnyi) - KNN EP. 16,2020-09-30T15:00:09Z,7052,289,61,Sep
124,Data Science Resume Round-Up With @TinaHuang1  - Episode 1,2020-09-28T15:00:04Z,11457,290,69,Sep
125,5 Essential Data Science Projects for Your Portfolio,2020-09-26T15:00:06Z,71855,3078,208,Sep
126,His Startup Will Land You a Data Science Job (Jeremie Harris) - KNN EP. 15,2020-09-23T15:00:02Z,5169,196,64,Sep
127,Reviewing Your Data Science Projects - Episode 21(The Cleanest Portfolio),2020-09-21T15:00:03Z,11190,450,58,Sep
128,"Hedge Funds, Startups, and Data Science Oh my! (@DataLeap) - KNN EP. 14",2020-09-18T16:00:10Z,7387,250,34,Sep
129,Land a Data Science Job in a Different Country (Vijay Pravin Maharajan) - KNN EP. 13,2020-09-16T15:00:24Z,5090,193,56,Sep
130,Reviewing Your Data Science Projects - Episode 20 (Bootcamp Capstone),2020-09-14T15:00:00Z,4178,158,35,Sep
131,The 5 Pillars of Success I Live By,2020-09-11T15:00:11Z,10118,873,152,Sep
132,Fast Cars to Faster Data (Alex Castrounis) - KNN EP. 12,2020-09-09T15:00:12Z,1887,78,25,Sep
133,Reviewing Your Data Science Projects - Episode 19 (One Big Improvement),2020-09-07T15:00:30Z,4001,161,43,Sep
134,How I Learn Data Science Through Studying Other People's Code | #66DaysOfData,2020-09-04T15:00:00Z,11737,731,144,Sep
135,How She Dominated the FAANG Data Science Interview  (@TinaHuang1 ) - KNN EP. 11,2020-09-02T15:00:13Z,17864,567,89,Sep
136,Reviewing Your Data Science Projects - Episode 18 (Job-Worthy GitHub),2020-08-31T15:00:15Z,17676,790,93,Aug
137,Why I'm Starting Data Science Over Again.,2020-08-29T15:30:10Z,50682,2605,450,Aug
138,Inside the Mind of the Ultimate Kaggle Grandmaster (@Abhishek Thakur ) - KNN EP. 10,2020-08-26T15:00:03Z,14979,624,76,Aug
139,Reviewing Your Data Science Projects - Episode 17 (Best Portfolio Website Yet?),2020-08-24T15:00:31Z,12656,453,55,Aug
140,Don't Buy My Course..,2020-08-21T16:00:32Z,7325,357,146,Aug
141,How a Subscriber Landed a Data Analyst Job in Less Than a Year (Ray Ojel) - KNN EP. 09,2020-08-19T15:00:11Z,29005,1111,166,Aug
142,Reviewing Your Projects - Episode 16 (Project Review for Beginners),2020-08-17T15:00:07Z,3218,129,40,Aug
143,Data Scientist Dismantles the YouTube Algorithm.,2020-08-14T15:00:31Z,6298,538,108,Aug
144,Sports Analytics & Streaming Data Science on Twitch (Nick Wan) - KNN EP. 08,2020-08-12T15:30:26Z,4934,184,39,Aug
145,Reviewing Your Data Science Projects - Episode 15 (Quant Finance),2020-08-10T15:00:08Z,11583,372,53,Aug
146,The Plagiarism Problem in Data Science,2020-08-07T15:00:16Z,13032,630,145,Aug
147,Interview with the Director of AI Research @ NVIDIA (Anima Anandkumar) - KNN EP. 07,2020-08-05T15:00:09Z,14336,601,89,Aug
148,Reviewing Your Data Science Projects - Episode 14 [Deep Learning Focus],2020-08-03T15:00:08Z,4880,187,56,Aug
149,My First Data Science Contracting Side-Gig (How I Did It),2020-07-31T14:30:01Z,11302,579,90,Jul
150,Do You Have a Data Science Mentor? (@Danny Ma) - KNN EP. 06,2020-07-30T01:00:10Z,2307,116,34,Jul
151,Reviewing Your Data Science Projects - Episode 13 (BONUS LinkedIn Review),2020-07-27T15:00:30Z,5568,252,112,Jul
152,Building a Deep Learning BEAST (NVIDIA TITAN RTX + RYZEN 3900X),2020-07-24T15:00:11Z,8176,247,199,Jul
153,Is it Important to Share Your Data Science Work? (Ft. Eric Weber),2020-07-22T15:00:05Z,1850,98,27,Jul
154,Reviewing Your Data Science Resumes - Episode 12 (3 Different Resumes!),2020-07-20T15:00:08Z,28813,562,90,Jul
155,Beginner Kaggle Data Science Project Walk-Through (Titanic),2020-07-17T16:00:05Z,315044,7062,419,Jul
156,Uber Driver to Machine Learning Engineer in 9 Months! (@Daniel Bourke) - KNN EP. 05,2020-07-16T02:00:09Z,30142,1124,121,Jul
157,Reviewing Your Data Science Projects - Episode 11(GITHUB CLEANING),2020-07-13T16:00:01Z,3614,135,50,Jul
158,The Best Computer for Data Science Beginners,2020-07-10T16:00:09Z,37130,846,157,Jul
159,Should You Major in Data Science? (Jaemin Lee) - KNN EP. 04,2020-07-08T21:00:09Z,6149,229,82,Jul
160,Critiquing MY OWN Data Science Resume,2020-07-06T16:00:30Z,12570,396,88,Jul
161,Where to Start Learning Data Science,2020-07-03T16:00:04Z,18600,782,126,Jul
162,"Data Science Productivity, Motivation, and Organization (ft. Data Professor & Codebasics)",2020-07-01T15:00:12Z,4100,197,37,Jul
163,Reviewing Your Data Science Projects - Episode 10 (Leveraging Your Data),2020-06-29T15:00:08Z,4559,178,52,Jun
164,How to Get a Data Science Job at FAANG (@Data Science Jay) - KNN EP. 03,2020-06-26T15:00:10Z,16071,546,79,Jun
165,Reviewing Your Data Science Projects - Episode 9 (Professional Violinist),2020-06-22T13:00:03Z,2399,82,40,Jun
166,"Ken Jee Q & A Live Stream (50,000 Sub Special!)",2020-06-20T02:09:18Z,2380,139,49,Jun
167,Reviewing Your Data Science Projects - Episode 8 (College Student Help),2020-06-15T13:00:12Z,4324,168,46,Jun
168,Why You're Struggling to Learn Data Science,2020-06-12T13:00:17Z,15206,1009,159,Jun
169,Reviewing Your Data Science Projects - Episode 7 (Incredible Portfolio Website),2020-06-08T13:00:21Z,11416,354,70,Jun
170,The State of Data Science with Krish Naik & The Data Professor [Panel Discussion],2020-06-05T13:00:26Z,23419,678,146,Jun
171,Reviewing Your Data Science Projects - Episode 6 (Only 3 months of coding experience),2020-06-01T13:00:32Z,5693,156,53,Jun
172,How to Build a Data Science Portfolio Website with Hugo & Github Pages [feat. Data Professor],2020-05-29T13:00:21Z,69314,2145,266,May
173,Reviewing Your Data Science Projects - Episode 5 (Very Detailed Project),2020-05-25T13:00:13Z,20952,489,81,May
174,Different Data Science Roles Explained (by a Data Scientist),2020-05-22T13:01:09Z,53803,1924,177,May
175,Reviewing Your Data Science Projects - Episode 4 (Resume & Github),2020-05-18T13:00:22Z,11230,178,55,May
176,How to Make A Data Science Portfolio Website with Github Pages,2020-05-15T13:30:00Z,123656,4260,192,May
177,10000 Subscriber and 100th Video Special (Data Science),2020-05-13T13:00:17Z,3098,146,115,May
178,Reviewing Your Data Science Projects - Episode 3 (Student Portfolio),2020-05-11T13:00:33Z,4492,153,74,May
179,How I Would Learn Data Science (If I Had to Start Over),2020-05-08T13:00:03Z,1390515,49017,1998,May
180,Reviewing Your Data Science Projects - Episode 2 (Resume and Portfolio),2020-05-04T13:00:12Z,5492,196,42,May
181,What You Need to Know for a Data Science Internship,2020-05-01T13:00:10Z,21225,1168,59,May
182,Reviewing Your Data Science Projects - Episode 1 (Exploratory Analysis),2020-04-27T13:00:10Z,8320,349,54,Apr
183,What It's Like to be a Socially Distanced Data Scientist (A Day in the Life),2020-04-24T13:00:32Z,14969,460,103,Apr
184,Data Science in Sports - Talk for Northwestern (Kellogg) MBA Students,2020-04-22T13:00:30Z,3096,85,24,Apr
185,5 Tips for Crushing the Work From Home Life,2020-04-20T13:00:04Z,5393,202,38,Apr
186,Data Science Project from Scratch - Part 7 (Documenting Your Work),2020-04-17T13:00:04Z,20036,716,126,Apr
187,Data Science Project from Scratch -  Part 6 (Putting the Model into Production),2020-04-15T13:00:32Z,27732,705,98,Apr
188,Data Science Project from Scratch  - Part 5 (Model Building),2020-04-13T13:00:03Z,41773,870,151,Apr
189,Data Science Project from Scratch - Part 4 (Exploratory Data Analysis),2020-04-10T13:00:15Z,69131,1842,209,Apr
190,Data Science Project from Scratch - Part 3 (Data Cleaning),2020-04-08T13:00:19Z,76264,1706,276,Apr
191,Data Science Project from Scratch - Part 2 (Data Collection),2020-04-06T13:00:07Z,119058,3330,614,Apr
192,Data Science Project from Scratch - Part 1 (Project Planning),2020-04-03T13:00:12Z,181543,4733,170,Apr
193,When Data Science Goes Wrong,2020-03-30T13:00:06Z,1800,105,32,Mar
194,How to ULTRALEARN Data Science,2020-03-27T13:00:02Z,61545,3822,169,Mar
195,Why Right NOW is a Great Time to Learn Data Science,2020-03-23T13:00:30Z,4374,267,50,Mar
196,Data Science Project Example Start to Finish (Deep Learning Image Classifier),2020-03-20T13:00:22Z,12679,461,45,Mar
197,The Secret Data Scientists Don't Want You to Know,2020-03-16T13:00:23Z,10657,1139,105,Mar
198,The 5 Stages of Learning Data Science,2020-03-13T13:00:26Z,17381,1297,78,Mar
199,Can You Learn Data Science Without a Computer?,2020-03-11T13:00:03Z,1626,109,14,Mar
200,The Best Free Data Science Courses Nobody is Talking About,2020-03-09T13:00:04Z,342856,21098,618,Mar
201,The Data Science Projects that Got Me a Job,2020-03-06T14:00:11Z,40430,1393,41,Mar
202,How to Integrate Data Science into Your Business,2020-03-02T14:00:01Z,3361,127,18,Mar
203,The Problem with Data Science,2020-02-28T14:00:07Z,3770,155,19,Feb
204,How Much Did Cheating Help the Astros Win? (What the Numbers Say),2020-02-24T14:00:00Z,1145,46,16,Feb
205,How to Set Up Your Data Science Environment (Anaconda Beginner),2020-02-21T14:00:02Z,122227,2368,97,Feb
206,3 Proven Data Science Projects for Beginners (Kaggle),2020-02-17T14:00:04Z,321758,17629,520,Feb
207,Data Science Advice for College Students,2020-02-14T17:22:37Z,68718,1963,197,Feb
208,Avoid These Data Science Resume Mistakes!,2020-02-10T15:52:59Z,27983,1234,62,Feb
209,Data Science Explained with ... Cooking?,2020-02-07T15:56:55Z,5171,312,48,Feb
210,The 4 Types of Sports Analytics Projects,2020-02-03T16:35:19Z,29719,980,62,Feb
211,Data Science in Golf: PGA Merchandise Show 2020,2020-01-31T18:50:23Z,577,18,13,Jan
212,How I Learned Data Science,2020-01-27T14:41:18Z,93642,2682,210,Jan
213,What is Sports Analytics Really?,2020-01-20T14:00:00Z,20675,605,73,Jan
214,Data Science Certificate vs Bootcamp vs Masters Degree,2020-01-18T01:03:08Z,110063,3118,577,Jan
215,How To Learn Programming for Data Science [3 Steps],2020-01-13T16:48:44Z,29940,1975,96,Jan
216,Data Science Fundamentals: SQL Queries,2020-01-10T19:15:01Z,6298,211,35,Jan
217,Questions You Should Ask Your Data Science Interviewers,2020-01-06T14:00:04Z,3106,150,14,Jan
218,The 9 Books That Changed My Perspective in 2019,2020-01-03T14:45:28Z,3370,179,25,Jan
219,The Data Science Interview: What to Expect,2019-12-30T14:00:01Z,8403,376,32,Dec
220,5 Data Science Resolutions for 2020,2019-12-27T14:00:07Z,474,25,12,Dec
221,How to Scrape NBA Data Using the nba_api Python Module,2019-12-23T12:59:47Z,16372,572,92,Dec
222,Collision Course: Sports Betting + Data Science,2019-12-20T14:00:02Z,16976,485,27,Dec
223,3 Reasons You Should NOT Become a Data Scientist,2019-12-16T18:46:58Z,100789,2938,204,Dec
224,5 Sports Analytics Books to Get You Started,2019-12-13T14:00:01Z,10574,403,57,Dec
225,Math Needed for Mastering Data Science,2019-12-09T14:00:15Z,55937,2849,222,Dec
226,The 5 Stages of Data Science Adoption,2019-12-06T14:00:04Z,1310,68,17,Dec
227,How YOU Can Land a Sports Analytics Job,2019-12-02T14:00:05Z,67946,3023,231,Dec
228,Data Science Fundamentals: Linear Regression,2019-11-29T14:00:02Z,6276,172,42,Nov
229,Golf: Would You Rather Be the LONGEST or STRAIGHTEST Driver on the PGA Tour?,2019-11-25T14:00:11Z,1038,52,12,Nov
230,Sports Analytics 101: The Pythagorean Theorem of Sports,2019-11-22T14:00:06Z,5909,268,26,Nov
231,9 Ways You Can Make Extra Income as a Data Scientist,2019-11-18T15:34:12Z,45924,1751,80,Nov
232,Applying Data Science To My YouTube Data: My Surprising Findings,2019-11-11T21:12:11Z,5907,137,31,Nov
233,Why Selling Is An Important Data Science Skill,2019-11-04T14:57:00Z,1611,79,13,Nov
234,By The Numbers: Where Should The NBA Put a 4 Point Line?,2019-10-21T16:38:58Z,2793,73,18,Oct
235,Why is Balance Important in Data Science?,2019-10-16T17:40:34Z,701,32,13,Oct
236,How to Stay Productive & Motivated When Learning Data Science,2019-09-29T00:29:59Z,11775,580,54,Sep
237,How Far Should the NBA 3-Point Line Actually Be?,2019-09-21T23:04:57Z,3742,115,33,Sep
238,6 Habits of Successful Data Scientists,2019-09-13T04:40:51Z,2201,95,17,Sep
239,How To Build A Word Cloud From Scraped Data (Python),2019-09-04T01:32:06Z,4434,100,9,Sep
240,Thank You For The Support | What's Next | Ken Jee | Data Science,2019-08-26T12:42:32Z,518,24,29,Aug
241,Is Data Science Right For You?,2019-08-18T16:54:05Z,50293,1170,109,Aug
242,Data Science Fundamentals: Data Cleaning in Python,2019-08-11T20:50:23Z,14671,390,55,Aug
243,How To Get Data Science Experience (Without a Job),2019-08-08T01:58:40Z,29156,1383,75,Aug
244,Take Your Data Science Projects From Good to Great,2019-08-05T02:34:28Z,1594,107,11,Aug
245,The Projects You Should Do To Get A Data Science Job,2019-07-30T03:35:48Z,149136,5686,254,Jul
246,What Does a Data Scientist Actually Do?,2019-07-19T03:18:04Z,45273,1254,81,Jul
247,Data Science Fundamentals: Data Manipulation in Python (Pandas),2019-07-13T21:09:41Z,12798,351,42,Jul
248,Data Science Fundamentals: Data Exploration in Python (Pandas),2019-07-05T14:29:49Z,17651,524,61,Jul
249,Data Science: Pros and Cons,2019-06-30T15:26:49Z,5155,214,18,Jun
250,How I Got My First Data Science Internship (And How You Can Land One),2019-06-21T04:33:34Z,24306,1180,89,Jun
251,My Top 5 Data Science Internship Tips,2019-06-15T15:28:26Z,11788,491,23,Jun
252,Golf STATS: Strokes Gained Explained,2019-06-07T03:10:34Z,7222,148,28,Jun
253,Most Data Science Hopefuls Overlook This Important Skill,2019-05-25T18:34:33Z,615,44,5,May
254,What I Learned From My Three Degrees,2019-05-17T03:10:29Z,1249,60,12,May
255,I Wish I Had Known THIS Before Starting in Data Science,2019-05-14T00:21:28Z,25621,1071,66,May
256,NASA Physicist Turned Data Scientist (Tim Bowling) - KNN EP. 02,2019-05-05T20:26:36Z,1233,40,2,May
257,Should You Learn R for Data Science?,2019-04-25T15:00:01Z,20549,550,69,Apr
258,Scrape Twitter Data in Python with Twitterscraper Module,2019-04-18T15:00:14Z,46305,854,334,Apr
259,Work From Home Data Scientist: Day in the Life,2019-04-12T15:00:00Z,28045,762,101,Apr
260,Where to Look for Data Science Jobs,2019-03-29T16:00:01Z,2999,120,9,Mar
261,Data Science: Startup vs. Large Corporation,2019-03-21T17:00:01Z,2103,75,4,Mar
262,"Data Science, Machine Learning, and AI: What's the Difference?",2019-03-16T14:00:04Z,6081,170,26,Mar
263,Was Captain Marvel Bad? A Sentiment Analysis of Twitter Data,2019-03-09T21:58:10Z,4156,180,15,Mar
264,Why You DON'T Want to be a WFH Data Scientist,2019-03-03T22:14:01Z,795,33,12,Mar
265,Welcome To My Channel | Ken Jee | Data Science,2019-03-03T01:00:17Z,1424,35,8,Mar
266,Where YOU Should Start With Data Science Projects,2019-02-19T03:23:50Z,16320,339,17,Feb
267,Watch This Before Applying to Data Science Jobs,2019-02-04T23:40:34Z,1481,66,13,Feb
268,My Top 5 Data Science Resources for 2019,2019-01-05T22:07:08Z,3680,121,17,Jan
269,IT'S NOT TOO LATE TO LEARN CODE!,2018-12-18T02:01:15Z,827,37,6,Dec
270,The Best Way to Predict NBA Minutes Played,2018-12-11T02:39:35Z,4187,107,14,Dec
271,Demystifying Data Science Roles,2018-11-30T01:22:49Z,1128,53,5,Nov
272,How to Simulate NBA Games in Python,2018-11-19T23:31:49Z,17530,391,54,Nov
273,Should You Get A Masters in Data Science?,2018-11-14T01:39:33Z,20481,306,135,Nov
274,How I Became A Data Scientist From a Business Background,2018-11-12T00:26:08Z,6404,198,23,Nov
275,Predicting Season Long NBA Wins Using Multiple Linear Regression,2018-07-10T16:39:52Z,8588,193,17,Jul
276,Predicting Crypto-Currency Price Using RNN lSTM & GRU,2017-11-18T20:04:51Z,18806,292,41,Nov
